,rank,topic_href,topic_title,taolun,read
0,0,https://s.weibo.com/weibo?q=%E5%8F%8C%E5%90%91%E5%A5%94%E8%B5%B4%E6%98%AF%E4%B8%80%E7%A7%8D%E4%BB%80%E4%B9%88%E6%A0%B7%E7%9A%84%E4%BD%93%E9%AA%8C%23,双向奔赴是一种什么样的体验,1.9万讨论,2433.4万阅读
1,1,https://s.weibo.com/weibo?q=%E8%BF%99%E6%98%AF%E9%80%89%E7%A7%80%E9%87%8C%E8%AF%A5%E5%87%BA%E7%8E%B0%E7%9A%84%E8%BA%AB%E6%9D%90%E5%90%97%23,这是选秀里该出现的身材吗,6941讨论,9201.6万阅读
2,2,https://s.weibo.com/weibo?q=%E5%88%98%E8%80%80%E6%96%87%E6%98%AF%E4%B8%8D%E6%98%AF%E6%8A%8A%E4%B8%A5%E6%B5%A9%E7%BF%94%E4%BC%9E%E6%8B%BF%E8%B5%B0%E4%BA%86%23,刘耀文是不是把严浩翔伞拿走了,1.5万讨论,4069.1万阅读
3,3,https://s.weibo.com/weibo?q=%E6%83%85%E4%BE%A3%E4%B9%8B%E9%97%B4%E8%B0%88%E9%92%B1%E4%BC%9A%E4%BC%A4%E6%84%9F%E6%83%85%E5%90%97%23,情侣之间谈钱会伤感情吗,3788讨论,749.4万阅读
4,4,https://s.weibo.com/weibo?q=%E5%A4%96%E5%8D%96%E5%B0%8F%E5%93%A5%E6%9C%88%E5%85%A5%E8%BF%87%E4%B8%87%E7%9C%9F%E7%9A%84%E5%BE%88%E5%AE%B9%E6%98%93%E5%90%97%23,外卖小哥月入过万真的很容易吗,3259讨论,9010.9万阅读
5,5,https://s.weibo.com/weibo?q=%E6%80%8E%E6%A0%B7%E7%9C%8B%E5%BE%85%E5%8F%97%E5%AE%B3%E8%80%85%E6%9C%89%E7%BD%AA%E8%AE%BA%23,怎样看待受害者有罪论,1486讨论,624.7万阅读
6,6,https://s.weibo.com/weibo?q=%E5%A6%82%E4%BD%95%E7%9C%8B%E5%BE%85%E5%BC%BA%E5%88%B6%E5%8A%A0%E7%8F%AD%23,如何看待强制加班,2687讨论,1570.4万阅读
7,7,https://s.weibo.com/weibo?q=%E6%AD%A6%E6%B1%89%E4%BA%BA%E4%BD%93%E6%A3%80%E6%95%B0%E6%8D%AE%E6%9C%89%E5%93%AA%E4%BA%9B%E5%8F%98%E5%8C%96%23,武汉人体检数据有哪些变化,4.1万讨论,2.3亿阅读
8,8,https://s.weibo.com/weibo?q=%E4%BD%A0%E4%BC%9A%E5%BF%8D%E8%80%90%E6%81%8B%E7%88%B1%E4%B8%AD%E7%9A%84%E6%97%A0%E6%95%88%E6%B2%9F%E9%80%9A%E5%90%97%23,你会忍耐恋爱中的无效沟通吗,1155讨论,424.8万阅读
9,9,https://s.weibo.com/weibo?q=%E7%94%B5%E5%AD%90%E4%BA%BA%E4%BC%9A%E6%B5%81%E4%B8%8B%E4%BB%BF%E7%94%9F%E6%B3%AA%E5%90%97%23,电子人会流下仿生泪吗,72讨论,14.1万阅读
10,10,https://s.weibo.com/weibo?q=%E5%A6%82%E4%BD%95%E7%9C%8B%E5%BE%85%E5%B9%B4%E8%BD%BB%E4%BA%BA%E5%A4%B1%E4%B8%9A%E5%90%8E%E5%81%87%E8%A3%85%E4%B8%8A%E7%8F%AD%23,如何看待年轻人失业后假装上班,2631讨论,9408.5万阅读
11,11,https://s.weibo.com/weibo?q=%E7%8B%AC%E5%A4%84%E7%BB%99%E4%BD%A0%E5%B8%A6%E6%9D%A5%E4%BA%86%E4%BB%80%E4%B9%88%23,独处给你带来了什么,3113讨论,193.8万阅读
12,12,https://s.weibo.com/weibo?q=%E4%B8%BA%E4%BB%80%E4%B9%88%E8%AF%B4%E8%BA%AB%E4%BD%93%E5%87%89%E5%91%BD%E6%9B%B4%E9%95%BF%23,为什么说身体凉命更长,8090讨论,2.6亿阅读
13,13,https://s.weibo.com/weibo?q=%E7%A6%BB%E8%81%8C%E5%90%8E%E8%AF%A5%E6%80%8E%E6%A0%B7%E9%80%80%E5%87%BA%E5%B7%A5%E4%BD%9C%E7%BE%A4%23,离职后该怎样退出工作群,5870讨论,1.4亿阅读
14,14,https://s.weibo.com/weibo?q=%E5%AE%8B%E4%B8%89%E5%B7%9D%E5%8D%81%E6%9D%A1%E5%86%85%E8%A3%A4%E5%A4%9F%E5%90%97%23,宋三川十条内裤够吗,370讨论,47.4万阅读
15,15,https://s.weibo.com/weibo?q=%E6%AC%A2%E4%B9%90%E9%A2%824%E5%A5%BD%E7%9C%8B%E5%90%97%23,欢乐颂4好看吗,246讨论,105.9万阅读
16,16,https://s.weibo.com/weibo?q=%E4%BD%A0%E7%9F%A5%E9%81%93%E9%98%BF%E5%87%A1%E8%BE%BE%E6%9C%89%E5%A4%9A%E5%B0%91%E4%B8%AA%E7%AC%AC%E4%B8%80%E5%90%97%23,你知道阿凡达有多少个第一吗,6902讨论,338.1万阅读
17,17,https://s.weibo.com/weibo?q=%E5%BD%93%E4%BD%A0%E5%96%9C%E6%AC%A2%E7%9A%84%E4%BA%BA%E7%AA%81%E7%84%B6%E5%AE%98%E5%AE%A3%E4%BA%86%23,当你喜欢的人突然官宣了,1431讨论,334.7万阅读
18,18,https://s.weibo.com/weibo?q=%E6%88%91%E4%BB%AC%E4%B8%BA%E4%BB%80%E4%B9%88%E9%9C%80%E8%A6%81%E4%BA%BA%E7%94%9F%E4%B9%8B%E8%B7%AF%23,我们为什么需要人生之路,3183讨论,687万阅读
19,19,https://s.weibo.com/weibo?q=%E4%B8%8E%E9%A3%8E%E6%9A%B4%E8%B5%9B%E8%B7%91%E6%98%AF%E7%A7%8D%E4%BB%80%E4%B9%88%E4%BD%93%E9%AA%8C%23,与风暴赛跑是种什么体验,9521讨论,708.1万阅读
20,20,https://s.weibo.com/weibo?q=%E8%B0%81%E6%89%8D%E6%98%AF%E5%8A%A8%E6%BC%AB%E9%A2%9C%E5%80%BC%E5%A4%A9%E8%8A%B1%E6%9D%BF%23,谁才是动漫颜值天花板,1.4万讨论,2869.2万阅读
21,21,https://s.weibo.com/weibo?q=%E4%B8%BA%E4%BB%80%E4%B9%88%E6%80%BB%E4%BC%9A%E5%9C%A8%E6%84%9F%E6%83%85%E9%87%8C%E5%8F%8D%E5%A4%8D%E5%A4%B1%E8%B4%A5%23,为什么总会在感情里反复失败,4190讨论,169.2万阅读
22,22,https://s.weibo.com/weibo?q=%E5%88%86%E6%89%8B%E5%A5%BD%E5%A5%BD%E5%91%8A%E5%88%AB%E6%9C%89%E6%84%8F%E4%B9%89%E5%90%97%23,分手好好告别有意义吗,4876讨论,251万阅读
23,23,https://s.weibo.com/weibo?q=%E5%A6%82%E4%BD%95%E8%AF%84%E4%BB%B7%E7%94%B5%E5%BD%B1%E9%BE%99%E9%A9%AC%E7%B2%BE%E7%A5%9E%23,如何评价电影龙马精神,2060讨论,81.4万阅读
24,24,https://s.weibo.com/weibo?q=%E4%BB%80%E4%B9%88%E6%83%85%E5%86%B5%E4%B8%8B%E5%91%98%E5%B7%A5%E7%A6%BB%E8%81%8C%E5%85%AC%E5%8F%B8%E8%A6%81%E8%B5%94%E5%81%BF%23,什么情况下员工离职公司要赔偿,50讨论,20.1万阅读
25,25,https://s.weibo.com/weibo?q=%E7%A8%8B%E5%BA%8F%E5%91%98%E5%8D%88%E4%BC%91%E6%97%B6%E9%97%B4%E5%81%A5%E8%BA%AB%E7%8C%9D%E6%AD%BB%E5%8F%AF%E5%AE%9A%E5%B7%A5%E4%BC%A4%E5%90%97%23,程序员午休时间健身猝死可定工伤吗,50讨论,20.4万阅读
26,26,https://s.weibo.com/weibo?q=%E4%BD%A0%E7%9B%B8%E4%BF%A1%E7%8E%B0%E5%9C%A8%E7%9A%84%E7%88%B1%E6%83%85%E5%90%97%23,你相信现在的爱情吗,776讨论,316.9万阅读
27,27,https://s.weibo.com/weibo?q=%E7%BB%93%E5%A9%9A%E5%BB%BA%E8%AE%AE%E8%BF%9C%E5%AB%81%E5%90%97%23,结婚建议远嫁吗,4078讨论,7618.5万阅读
28,28,https://s.weibo.com/weibo?q=%E5%A6%82%E4%BD%95%E7%90%86%E8%A7%A3%E5%AE%87%E5%AE%99%E6%8E%A2%E7%B4%A2%E7%BC%96%E8%BE%91%E9%83%A8%23,如何理解宇宙探索编辑部,1036讨论,365万阅读
29,29,https://s.weibo.com/weibo?q=%E4%BD%A0%E6%94%AF%E6%8C%81%E6%8B%90%E9%AA%97%E7%BD%AA%E4%B8%8E%E6%8B%90%E5%8D%96%E7%BD%AA%E7%BB%9F%E4%B8%80%E9%87%8F%E5%88%91%E5%90%97%23,你支持拐骗罪与拐卖罪统一量刑吗,4275讨论,1530.9万阅读
30,30,https://s.weibo.com/weibo?q=%E5%A6%82%E4%BD%95%E6%8A%8A%E6%97%B6%E9%97%B4%E5%92%8C%E7%B2%BE%E5%8A%9B%E8%8A%B1%E5%9C%A8%E5%80%BC%E5%BE%97%E7%9A%84%E4%BA%8B%E4%B8%8A%23,如何把时间和精力花在值得的事上,2367讨论,593.5万阅读
31,31,https://s.weibo.com/weibo?q=%E4%B8%8D%E5%90%83%E6%97%A9%E9%A4%90%E7%9C%9F%E7%9A%84%E4%BC%9A%E5%BE%97%E8%83%83%E7%97%85%E5%90%97%23,不吃早餐真的会得胃病吗,146讨论,202.9万阅读
32,32,https://s.weibo.com/weibo?q=%E5%A6%82%E4%BD%95%E9%9D%A2%E5%AF%B9%E9%80%90%E6%B8%90%E8%BF%9C%E5%8E%BB%E7%9A%84%E5%8F%8B%E6%83%85%23,如何面对逐渐远去的友情,3275讨论,348.5万阅读
33,33,https://s.weibo.com/weibo?q=%E4%B8%BA%E4%BB%80%E4%B9%88%E8%AF%B4%E8%80%83%E5%85%AC%E8%BF%90%E6%B0%94%E5%A4%A7%E4%BA%8E%E5%AE%9E%E5%8A%9B%23,为什么说考公运气大于实力,411讨论,243.3万阅读
34,34,https://s.weibo.com/weibo?q=%E8%AF%A5%E4%B8%8D%E8%AF%A5%E6%89%BE%E9%97%A8%E6%A7%9B%E4%BD%8E%E7%9A%84%E5%B7%A5%E4%BD%9C%E8%BF%87%E6%B8%A1%23,该不该找门槛低的工作过渡,2442讨论,3021.3万阅读
35,35,https://s.weibo.com/weibo?q=%E9%81%87%E5%88%B0%E6%B8%A3%E7%94%B7%E8%AF%A5%E5%A6%82%E4%BD%95%E4%BF%9D%E6%8C%81%E6%B8%85%E9%86%92%23,遇到渣男该如何保持清醒,4059讨论,492.4万阅读
36,36,https://s.weibo.com/weibo?q=%E4%B8%BA%E4%BB%80%E4%B9%88%E4%B8%8A%E7%8F%AD%E5%8F%AA%E6%98%AF%E5%9D%90%E7%9D%80%E5%B0%B1%E5%BE%88%E7%B4%AF%23,为什么上班只是坐着就很累,4688讨论,567.6万阅读
37,37,https://s.weibo.com/weibo?q=%E7%99%BD%E9%B9%BF%E4%BC%9A%E6%88%90%E4%B8%BA%E4%B8%8B%E4%B8%80%E4%B8%AA%E8%B5%B5%E4%B8%BD%E9%A2%96%E5%90%97%23,白鹿会成为下一个赵丽颖吗,673讨论,241.8万阅读
38,38,https://s.weibo.com/weibo?q=%E6%B6%88%E8%B4%B9%E8%80%85%E8%B4%AD%E4%B9%B0%E4%BF%9D%E9%99%A9%E6%97%B6%E5%A6%82%E4%BD%95%E9%98%B2%E8%8C%83%E5%A5%97%E8%B7%AF%23,消费者购买保险时如何防范套路,358讨论,65.1万阅读
39,39,https://s.weibo.com/weibo?q=%E6%B0%91%E9%97%B4%E6%94%BE%E6%98%A0%E4%B8%BA%E4%BD%95%E6%80%BB%E5%9C%A8%E5%B0%B4%E5%B0%AC%E5%A2%83%E5%9C%B0%23,民间放映为何总在尴尬境地,34讨论,157.5万阅读
40,40,https://s.weibo.com/weibo?q=%E5%A6%82%E4%BD%95%E7%9C%8B%E5%BE%85%E4%B8%8A%E6%B5%B7%E5%BD%B1%E8%BF%B7%E5%9C%88%E8%AF%88%E9%AA%97%E4%BA%8B%E4%BB%B6%23,如何看待上海影迷圈诈骗事件,36讨论,157.5万阅读
41,41,https://s.weibo.com/weibo?q=%E4%BD%A0%E4%BC%9A%E4%BA%8C%E5%88%B7%E7%88%B1%E6%83%85%E8%80%8C%E5%B7%B2%E5%90%97%23,你会二刷爱情而已吗,441讨论,50.4万阅读
