,href,标题,讨论,阅读
0,https://s.weibo.com/weibo?q=%23%E4%B8%A4%E4%BC%9A%23,#两会#,623.3万讨论,184.8亿阅读
1,https://s.weibo.com/weibo?q=%23%E5%85%A8%E5%9B%BD%E4%B8%A4%E4%BC%9A%23,#全国两会#,1304万讨论,172.9亿阅读
2,https://s.weibo.com/weibo?q=%23%E4%B8%A4%E4%BC%9A%E7%9C%8B%E6%A3%80%E5%AF%9F%23,#两会看检察#,669.4万讨论,12亿阅读
3,https://s.weibo.com/weibo?q=%23%E5%85%A8%E5%9B%BD%E4%B8%A4%E4%BC%9A%E6%97%B6%E5%85%89%23,#全国两会时光#,10.3万讨论,12.8亿阅读
4,https://s.weibo.com/weibo?q=%23%E4%B8%A4%E4%BC%9A%E5%AD%A6%E4%B9%A0%E7%AC%94%E8%AE%B0%23,#两会学习笔记#,11.3万讨论,1.8亿阅读
5,https://s.weibo.com/weibo?q=%23%E4%B8%A4%E4%BC%9A%E6%94%BF%E5%9C%A8%E8%AF%B4%23,#两会政在说#,169.6万讨论,6.4亿阅读
6,https://s.weibo.com/weibo/%23%E4%B8%A4%E4%BC%9Aing%23,#两会ing#,135.1万讨论,4.3亿阅读
7,https://s.weibo.com/weibo/%23%E4%B8%A4%E4%BC%9A%E7%9C%8B%E5%85%AC%E5%AE%89%23,#两会看公安#,24.4万讨论,5.5亿阅读
8,https://s.weibo.com/weibo/%23%E5%BE%AE%E8%A7%82%E4%B8%A4%E4%BC%9A%23,#微观两会#,62万讨论,36.4亿阅读
9,https://s.weibo.com/weibo?q=%232023%E7%9C%8B%E4%B8%A4%E4%BC%9A%23,#2023看两会#,9.5万讨论,8.9亿阅读
10,https://s.weibo.com/weibo/%23%E4%B8%A4%E4%BC%9A%E5%A5%BD%E5%A3%B0%E9%9F%B3%23,#两会好声音#,7.2万讨论,4.6亿阅读
11,https://s.weibo.com/weibo/%23%E4%B8%A4%E4%BC%9A%E6%96%B0%E9%97%BB%E6%B1%87%23,#两会新闻汇#,5万讨论,1.7亿阅读
12,https://s.weibo.com/weibo?q=%23%E4%B8%A4%E4%BC%9A%E7%89%B9%E5%88%AB%E7%89%88%E6%98%AF%E4%BD%A0mv%23,#两会特别版是你mv#,2062讨论,899.7万阅读
13,https://s.weibo.com/weibo?q=%23%E8%81%9A%E7%84%A62023%E5%B9%B4%E5%85%A8%E5%9B%BD%E4%B8%A4%E4%BC%9A%23,#聚焦2023年全国两会#,4.6万讨论,2.6亿阅读
14,https://s.weibo.com/weibo?q=%23%E7%BD%91%E7%BB%9C%E5%90%8D%E4%BA%BA%E8%B5%9E%E4%B8%A4%E4%BC%9A%23,#网络名人赞两会#,9.5万讨论,2.5亿阅读
15,https://s.weibo.com/weibo/%23%E4%B8%A4%E4%BC%9A%E5%A3%B0%E9%9F%B3%23,#两会声音#,30.1万讨论,7.9亿阅读
16,https://s.weibo.com/weibo/%23%E4%B9%A0%E8%BF%91%E5%B9%B3%E7%9A%84%E4%B8%A4%E4%BC%9A%E6%97%B6%E9%97%B4%23,#习近平的两会时间#,43.8万讨论,14.8亿阅读
17,https://s.weibo.com/weibo?q=%23%E4%B8%A4%E4%BC%9A%E9%9D%92%E5%85%B3%E6%B3%A8%23,#两会青关注#,9.6万讨论,4.6亿阅读
18,https://s.weibo.com/weibo/%23%E4%B8%A4%E4%BC%9A%E4%BD%A0%E6%88%91%E4%BB%96%23,#两会你我他#,6.4万讨论,4.7亿阅读
